{
  "r2": 0.7932370019775344,
  "mse": 0.13804847688214825
}